namespace,pod,container,timestamp,throughput-average
free5gc,free5gc-nwdaf-mtlf-55fb95c6d6-9bg7n,nwdaf-mtlf,1733529600000,35.97467054595243
free5gc,free5gc-nwdaf-mtlf-55fb95c6d6-9bg7n,nwdaf-mtlf,1733529660000,10.20501182033097
free5gc,free5gc-nwdaf-mtlf-55fb95c6d6-9bg7n,nwdaf-mtlf,1733529720000,48.259979529170934
free5gc,free5gc-nwdaf-mtlf-55fb95c6d6-9bg7n,nwdaf-mtlf,1733529780000,23.504862396157332
free5gc,free5gc-nwdaf-mtlf-55fb95c6d6-9bg7n,nwdaf-mtlf,1733529840000,45.33193817964161
free5gc,free5gc-nwdaf-mtlf-55fb95c6d6-9bg7n,nwdaf-mtlf,1733529900000,23.30610787998404
free5gc,free5gc-nwdaf-mtlf-55fb95c6d6-9bg7n,nwdaf-mtlf,1733529960000,42.25614681939639
free5gc,free5gc-nwdaf-mtlf-55fb95c6d6-9bg7n,nwdaf-mtlf,1733530020000,8.986792981146165
free5gc,free5gc-nwdaf-mtlf-55fb95c6d6-9bg7n,nwdaf-mtlf,1733530080000,44.12489360749003
free5gc,free5gc-nwdaf-mtlf-55fb95c6d6-9bg7n,nwdaf-mtlf,1733530140000,25.787430184996783
free5gc,free5gc-nwdaf-mtlf-55fb95c6d6-9bg7n,nwdaf-mtlf,1733530200000,37.594702391175744
free5gc,free5gc-nwdaf-mtlf-55fb95c6d6-9bg7n,nwdaf-mtlf,1733530260000,23.715097678369197
free5gc,free5gc-nwdaf-mtlf-55fb95c6d6-9bg7n,nwdaf-mtlf,1733530320000,39.314667065945116
free5gc,free5gc-nwdaf-mtlf-55fb95c6d6-9bg7n,nwdaf-mtlf,1733530380000,27.799792720843747
free5gc,free5gc-nwdaf-mtlf-55fb95c6d6-9bg7n,nwdaf-mtlf,1733530440000,47.81068194742137
free5gc,free5gc-nwdaf-mtlf-55fb95c6d6-9bg7n,nwdaf-mtlf,1733530500000,22.1181627976487
free5gc,free5gc-nwdaf-mtlf-55fb95c6d6-9bg7n,nwdaf-mtlf,1733530560000,47.22229911146787
free5gc,free5gc-nwdaf-mtlf-55fb95c6d6-9bg7n,nwdaf-mtlf,1733530620000,19.997137424090624
free5gc,free5gc-nwdaf-mtlf-55fb95c6d6-9bg7n,nwdaf-mtlf,1733530680000,41.80903669432713
free5gc,free5gc-nwdaf-mtlf-55fb95c6d6-9bg7n,nwdaf-mtlf,1733530740000,28.20436465733611
free5gc,free5gc-nwdaf-mtlf-55fb95c6d6-9bg7n,nwdaf-mtlf,1733530800000,47.07351737800939
free5gc,free5gc-nwdaf-mtlf-55fb95c6d6-9bg7n,nwdaf-mtlf,1733530860000,32.474773574128974
free5gc,free5gc-nwdaf-mtlf-55fb95c6d6-9bg7n,nwdaf-mtlf,1733530920000,44.75472934239621
free5gc,free5gc-nwdaf-mtlf-55fb95c6d6-9bg7n,nwdaf-mtlf,1733530980000,33.20370924319474
free5gc,free5gc-nwdaf-mtlf-55fb95c6d6-9bg7n,nwdaf-mtlf,1733531040000,44.429413878379236
free5gc,free5gc-nwdaf-mtlf-55fb95c6d6-9bg7n,nwdaf-mtlf,1733531100000,23.28336446894792
free5gc,free5gc-nwdaf-mtlf-55fb95c6d6-9bg7n,nwdaf-mtlf,1733531160000,35.33914176370003
free5gc,free5gc-nwdaf-mtlf-55fb95c6d6-9bg7n,nwdaf-mtlf,1733531220000,13.885107541519194
free5gc,free5gc-nwdaf-mtlf-55fb95c6d6-9bg7n,nwdaf-mtlf,1733531280000,28.007192254495155
free5gc,free5gc-nwdaf-mtlf-55fb95c6d6-9bg7n,nwdaf-mtlf,1733531340000,25.091559687177217
free5gc,free5gc-nwdaf-mtlf-55fb95c6d6-9bg7n,nwdaf-mtlf,1733531400000,39.299722567683915
free5gc,free5gc-nwdaf-mtlf-55fb95c6d6-9bg7n,nwdaf-mtlf,1733531460000,14.949821201984083
free5gc,free5gc-nwdaf-mtlf-55fb95c6d6-9bg7n,nwdaf-mtlf,1733531520000,44.24912212671535
free5gc,free5gc-nwdaf-mtlf-55fb95c6d6-9bg7n,nwdaf-mtlf,1733531580000,27.95729137398146
free5gc,free5gc-nwdaf-mtlf-55fb95c6d6-9bg7n,nwdaf-mtlf,1733531640000,43.944288740078306
free5gc,free5gc-nwdaf-mtlf-55fb95c6d6-9bg7n,nwdaf-mtlf,1733531700000,28.741996052188146
free5gc,free5gc-nwdaf-mtlf-55fb95c6d6-9bg7n,nwdaf-mtlf,1733531760000,44.31021202416183
free5gc,free5gc-nwdaf-mtlf-55fb95c6d6-9bg7n,nwdaf-mtlf,1733531820000,14.536644457904298
free5gc,free5gc-nwdaf-mtlf-55fb95c6d6-9bg7n,nwdaf-mtlf,1733531880000,43.36535416446744
free5gc,free5gc-nwdaf-mtlf-55fb95c6d6-9bg7n,nwdaf-mtlf,1733531940000,27.279460171165237
free5gc,free5gc-nwdaf-mtlf-55fb95c6d6-9bg7n,nwdaf-mtlf,1733532000000,36.133608089327645
free5gc,free5gc-nwdaf-mtlf-55fb95c6d6-9bg7n,nwdaf-mtlf,1733532060000,28.45838497473543
free5gc,free5gc-nwdaf-mtlf-55fb95c6d6-9bg7n,nwdaf-mtlf,1733532120000,44.49354475348756
free5gc,free5gc-nwdaf-mtlf-55fb95c6d6-9bg7n,nwdaf-mtlf,1733532180000,26.956250185995295
free5gc,free5gc-nwdaf-mtlf-55fb95c6d6-9bg7n,nwdaf-mtlf,1733532240000,42.20172176450043
free5gc,free5gc-nwdaf-mtlf-55fb95c6d6-9bg7n,nwdaf-mtlf,1733532300000,27.15321292542081
free5gc,free5gc-nwdaf-mtlf-55fb95c6d6-9bg7n,nwdaf-mtlf,1733532360000,47.38710995192157
free5gc,free5gc-nwdaf-mtlf-55fb95c6d6-9bg7n,nwdaf-mtlf,1733532420000,24.925890359483944
free5gc,free5gc-nwdaf-mtlf-55fb95c6d6-9bg7n,nwdaf-mtlf,1733532480000,43.126094570928196
free5gc,free5gc-nwdaf-mtlf-55fb95c6d6-9bg7n,nwdaf-mtlf,1733532540000,25.369201544212267
free5gc,free5gc-nwdaf-mtlf-55fb95c6d6-9bg7n,nwdaf-mtlf,1733532600000,55.549682875264274
free5gc,free5gc-nwdaf-mtlf-55fb95c6d6-9bg7n,nwdaf-mtlf,1733532660000,24.553176428950636
free5gc,free5gc-nwdaf-mtlf-55fb95c6d6-9bg7n,nwdaf-mtlf,1733532720000,42.922486318712735
free5gc,free5gc-nwdaf-mtlf-55fb95c6d6-9bg7n,nwdaf-mtlf,1733532780000,31.607278415495394
free5gc,free5gc-nwdaf-mtlf-55fb95c6d6-9bg7n,nwdaf-mtlf,1733532840000,43.37274545207447
free5gc,free5gc-nwdaf-mtlf-55fb95c6d6-9bg7n,nwdaf-mtlf,1733532900000,22.569232646090033
free5gc,free5gc-nwdaf-mtlf-55fb95c6d6-9bg7n,nwdaf-mtlf,1733532960000,49.29412316495474
free5gc,free5gc-nwdaf-mtlf-55fb95c6d6-9bg7n,nwdaf-mtlf,1733533020000,25.18948849453093
free5gc,free5gc-nwdaf-mtlf-55fb95c6d6-9bg7n,nwdaf-mtlf,1733533080000,44.99405852852914
free5gc,free5gc-nwdaf-mtlf-55fb95c6d6-9bg7n,nwdaf-mtlf,1733533140000,30.641600321134675
free5gc,free5gc-nwdaf-mtlf-55fb95c6d6-9bg7n,nwdaf-mtlf,1733533200000,45.841703495379676
free5gc,free5gc-nwdaf-mtlf-55fb95c6d6-9bg7n,nwdaf-mtlf,1733533260000,17.349127879861953
free5gc,free5gc-nwdaf-mtlf-55fb95c6d6-9bg7n,nwdaf-mtlf,1733533320000,39.90589356443015
free5gc,free5gc-nwdaf-mtlf-55fb95c6d6-9bg7n,nwdaf-mtlf,1733533380000,26.833317058880972
free5gc,free5gc-nwdaf-mtlf-55fb95c6d6-9bg7n,nwdaf-mtlf,1733533440000,44.53680307932085
free5gc,free5gc-nwdaf-mtlf-55fb95c6d6-9bg7n,nwdaf-mtlf,1733533500000,29.892941558140613
free5gc,free5gc-nwdaf-mtlf-55fb95c6d6-9bg7n,nwdaf-mtlf,1733533560000,40.2632439502943
free5gc,free5gc-nwdaf-mtlf-55fb95c6d6-9bg7n,nwdaf-mtlf,1733533620000,12.59677207715523
free5gc,free5gc-nwdaf-mtlf-55fb95c6d6-9bg7n,nwdaf-mtlf,1733533680000,43.9767354282606
free5gc,free5gc-nwdaf-mtlf-55fb95c6d6-9bg7n,nwdaf-mtlf,1733533740000,14.305975211198128
free5gc,free5gc-nwdaf-mtlf-55fb95c6d6-9bg7n,nwdaf-mtlf,1733533800000,32.31799709724238
free5gc,free5gc-nwdaf-mtlf-55fb95c6d6-9bg7n,nwdaf-mtlf,1733533860000,12.93577981651376
free5gc,free5gc-nwdaf-mtlf-55fb95c6d6-9bg7n,nwdaf-mtlf,1733533920000,41.15351093258555
free5gc,free5gc-nwdaf-mtlf-55fb95c6d6-9bg7n,nwdaf-mtlf,1733533980000,26.606683804627252
free5gc,free5gc-nwdaf-mtlf-55fb95c6d6-9bg7n,nwdaf-mtlf,1733534040000,46.097221598815025
free5gc,free5gc-nwdaf-mtlf-55fb95c6d6-9bg7n,nwdaf-mtlf,1733534100000,22.599075657775032
free5gc,free5gc-nwdaf-mtlf-55fb95c6d6-9bg7n,nwdaf-mtlf,1733534160000,34.513537637607854
free5gc,free5gc-nwdaf-mtlf-55fb95c6d6-9bg7n,nwdaf-mtlf,1733534220000,15.218564490016188
free5gc,free5gc-nwdaf-mtlf-55fb95c6d6-9bg7n,nwdaf-mtlf,1733534280000,40.705002376180346
free5gc,free5gc-nwdaf-mtlf-55fb95c6d6-9bg7n,nwdaf-mtlf,1733534340000,24.00046377707782
free5gc,free5gc-nwdaf-mtlf-55fb95c6d6-9bg7n,nwdaf-mtlf,1733534400000,34.04069131481076
free5gc,free5gc-nwdaf-mtlf-55fb95c6d6-9bg7n,nwdaf-mtlf,1733534460000,15.607707772571693
free5gc,free5gc-nwdaf-mtlf-55fb95c6d6-9bg7n,nwdaf-mtlf,1733534520000,38.1398590567645
free5gc,free5gc-nwdaf-mtlf-55fb95c6d6-9bg7n,nwdaf-mtlf,1733534580000,26.103311358930032
free5gc,free5gc-nwdaf-mtlf-55fb95c6d6-9bg7n,nwdaf-mtlf,1733534640000,58.19981763709782
free5gc,free5gc-nwdaf-mtlf-55fb95c6d6-9bg7n,nwdaf-mtlf,1733534700000,30.624866709319686
free5gc,free5gc-nwdaf-mtlf-55fb95c6d6-9bg7n,nwdaf-mtlf,1733534760000,45.217710652558125
free5gc,free5gc-nwdaf-mtlf-55fb95c6d6-9bg7n,nwdaf-mtlf,1733534820000,27.615955885622803
free5gc,free5gc-nwdaf-mtlf-55fb95c6d6-9bg7n,nwdaf-mtlf,1733534880000,46.712397564184954
free5gc,free5gc-nwdaf-mtlf-55fb95c6d6-9bg7n,nwdaf-mtlf,1733534940000,22.03167798023103
free5gc,free5gc-nwdaf-mtlf-55fb95c6d6-9bg7n,nwdaf-mtlf,1733535000000,38.91695982551185
free5gc,free5gc-nwdaf-mtlf-55fb95c6d6-9bg7n,nwdaf-mtlf,1733535060000,24.266007913779156
free5gc,free5gc-nwdaf-mtlf-55fb95c6d6-9bg7n,nwdaf-mtlf,1733535120000,50.52059291173001
free5gc,free5gc-nwdaf-mtlf-55fb95c6d6-9bg7n,nwdaf-mtlf,1733535180000,21.492616033755276
free5gc,free5gc-nwdaf-mtlf-55fb95c6d6-9bg7n,nwdaf-mtlf,1733535240000,40.01464396851547
free5gc,free5gc-nwdaf-mtlf-55fb95c6d6-9bg7n,nwdaf-mtlf,1733535300000,25.913232466772545
free5gc,free5gc-nwdaf-mtlf-55fb95c6d6-9bg7n,nwdaf-mtlf,1733535360000,45.84635389358445
free5gc,free5gc-nwdaf-mtlf-55fb95c6d6-9bg7n,nwdaf-mtlf,1733535420000,26.495832815026745
free5gc,free5gc-nwdaf-mtlf-55fb95c6d6-9bg7n,nwdaf-mtlf,1733535480000,45.35744341108689
free5gc,free5gc-nwdaf-mtlf-55fb95c6d6-9bg7n,nwdaf-mtlf,1733535540000,27.80111876695556
free5gc,free5gc-nwdaf-mtlf-55fb95c6d6-9bg7n,nwdaf-mtlf,1733535600000,51.25914898895918
free5gc,free5gc-nwdaf-mtlf-55fb95c6d6-9bg7n,nwdaf-mtlf,1733535660000,16.989404457435146
free5gc,free5gc-nwdaf-mtlf-55fb95c6d6-9bg7n,nwdaf-mtlf,1733535720000,36.976563088748776
free5gc,free5gc-nwdaf-mtlf-55fb95c6d6-9bg7n,nwdaf-mtlf,1733535780000,13.149243918474689
free5gc,free5gc-nwdaf-mtlf-55fb95c6d6-9bg7n,nwdaf-mtlf,1733535840000,45.855741204482946
free5gc,free5gc-nwdaf-mtlf-55fb95c6d6-9bg7n,nwdaf-mtlf,1733535900000,28.54916801157549
free5gc,free5gc-nwdaf-mtlf-55fb95c6d6-9bg7n,nwdaf-mtlf,1733535960000,44.0550793284849
free5gc,free5gc-nwdaf-mtlf-55fb95c6d6-9bg7n,nwdaf-mtlf,1733536020000,28.747338209425052
free5gc,free5gc-nwdaf-mtlf-55fb95c6d6-9bg7n,nwdaf-mtlf,1733536080000,36.357975576849896
free5gc,free5gc-nwdaf-mtlf-55fb95c6d6-9bg7n,nwdaf-mtlf,1733536140000,20.65929411953831
free5gc,free5gc-nwdaf-mtlf-55fb95c6d6-9bg7n,nwdaf-mtlf,1733536200000,35.213440768043895
free5gc,free5gc-nwdaf-mtlf-55fb95c6d6-9bg7n,nwdaf-mtlf,1733536260000,22.436723310416397
free5gc,free5gc-nwdaf-mtlf-55fb95c6d6-9bg7n,nwdaf-mtlf,1733536320000,45.90362568738932
free5gc,free5gc-nwdaf-mtlf-55fb95c6d6-9bg7n,nwdaf-mtlf,1733536380000,26.401910490005307
free5gc,free5gc-nwdaf-mtlf-55fb95c6d6-9bg7n,nwdaf-mtlf,1733536440000,35.10085256810148
free5gc,free5gc-nwdaf-mtlf-55fb95c6d6-9bg7n,nwdaf-mtlf,1733536500000,20.4398833223327
free5gc,free5gc-nwdaf-mtlf-55fb95c6d6-9bg7n,nwdaf-mtlf,1733536560000,35.407090520183864
free5gc,free5gc-nwdaf-mtlf-55fb95c6d6-9bg7n,nwdaf-mtlf,1733536620000,20.05406413994169
free5gc,free5gc-nwdaf-mtlf-55fb95c6d6-9bg7n,nwdaf-mtlf,1733536680000,40.985561487515355
free5gc,free5gc-nwdaf-mtlf-55fb95c6d6-9bg7n,nwdaf-mtlf,1733536740000,27.31447428582788
free5gc,free5gc-nwdaf-mtlf-55fb95c6d6-9bg7n,nwdaf-mtlf,1733536800000,45.95
free5gc,free5gc-nwdaf-mtlf-55fb95c6d6-9bg7n,nwdaf-mtlf,1733536860000,25.803301470450155
free5gc,free5gc-nwdaf-mtlf-55fb95c6d6-9bg7n,nwdaf-mtlf,1733536920000,40.690723931813146
free5gc,free5gc-nwdaf-mtlf-55fb95c6d6-9bg7n,nwdaf-mtlf,1733536980000,21.603684892176133
free5gc,free5gc-nwdaf-mtlf-55fb95c6d6-9bg7n,nwdaf-mtlf,1733537040000,48.52084247051488
free5gc,free5gc-nwdaf-mtlf-55fb95c6d6-9bg7n,nwdaf-mtlf,1733537100000,20.851433536055605
free5gc,free5gc-nwdaf-mtlf-55fb95c6d6-9bg7n,nwdaf-mtlf,1733537160000,34.71922880990634
free5gc,free5gc-nwdaf-mtlf-55fb95c6d6-9bg7n,nwdaf-mtlf,1733537220000,25.454628843992936
free5gc,free5gc-nwdaf-mtlf-55fb95c6d6-9bg7n,nwdaf-mtlf,1733537280000,42.724272427242724
free5gc,free5gc-nwdaf-mtlf-55fb95c6d6-9bg7n,nwdaf-mtlf,1733537340000,12.767378794893842
free5gc,free5gc-nwdaf-mtlf-55fb95c6d6-9bg7n,nwdaf-mtlf,1733537400000,34.19302378917082
free5gc,free5gc-nwdaf-mtlf-55fb95c6d6-9bg7n,nwdaf-mtlf,1733537460000,16.338842455853705
free5gc,free5gc-nwdaf-mtlf-55fb95c6d6-9bg7n,nwdaf-mtlf,1733537520000,37.65366373051979
free5gc,free5gc-nwdaf-mtlf-55fb95c6d6-9bg7n,nwdaf-mtlf,1733537580000,17.02112149873344
free5gc,free5gc-nwdaf-mtlf-55fb95c6d6-9bg7n,nwdaf-mtlf,1733537640000,35.825294131190574
free5gc,free5gc-nwdaf-mtlf-55fb95c6d6-9bg7n,nwdaf-mtlf,1733537700000,15.233092580433356
free5gc,free5gc-nwdaf-mtlf-55fb95c6d6-9bg7n,nwdaf-mtlf,1733537760000,31.903145450707196
free5gc,free5gc-nwdaf-mtlf-55fb95c6d6-9bg7n,nwdaf-mtlf,1733537820000,14.510278113663844
free5gc,free5gc-nwdaf-mtlf-55fb95c6d6-9bg7n,nwdaf-mtlf,1733537880000,31.70936872327579
free5gc,free5gc-nwdaf-mtlf-55fb95c6d6-9bg7n,nwdaf-mtlf,1733537940000,13.665510354252074
free5gc,free5gc-nwdaf-mtlf-55fb95c6d6-9bg7n,nwdaf-mtlf,1733538000000,40.24123392218605
free5gc,free5gc-nwdaf-mtlf-55fb95c6d6-9bg7n,nwdaf-mtlf,1733538060000,14.776442613901747
free5gc,free5gc-nwdaf-mtlf-55fb95c6d6-9bg7n,nwdaf-mtlf,1733538120000,28.343473350577437
free5gc,free5gc-nwdaf-mtlf-55fb95c6d6-9bg7n,nwdaf-mtlf,1733538180000,15.420063807160581
free5gc,free5gc-nwdaf-mtlf-55fb95c6d6-9bg7n,nwdaf-mtlf,1733538240000,31.49160089050799
free5gc,free5gc-nwdaf-mtlf-55fb95c6d6-9bg7n,nwdaf-mtlf,1733538300000,20.123453998688582
free5gc,free5gc-nwdaf-mtlf-55fb95c6d6-9bg7n,nwdaf-mtlf,1733538360000,36.11130450927151
free5gc,free5gc-nwdaf-mtlf-55fb95c6d6-9bg7n,nwdaf-mtlf,1733538420000,14.013610920951958
free5gc,free5gc-nwdaf-mtlf-55fb95c6d6-9bg7n,nwdaf-mtlf,1733538480000,39.54190644407727
free5gc,free5gc-nwdaf-mtlf-55fb95c6d6-9bg7n,nwdaf-mtlf,1733538540000,13.036881637851913
free5gc,free5gc-nwdaf-mtlf-55fb95c6d6-9bg7n,nwdaf-mtlf,1733538600000,37.412839624909836
free5gc,free5gc-nwdaf-mtlf-55fb95c6d6-9bg7n,nwdaf-mtlf,1733538660000,14.53027139874739
free5gc,free5gc-nwdaf-mtlf-55fb95c6d6-9bg7n,nwdaf-mtlf,1733538720000,33.760138334225374
free5gc,free5gc-nwdaf-mtlf-55fb95c6d6-9bg7n,nwdaf-mtlf,1733538780000,15.277899727807533
free5gc,free5gc-nwdaf-mtlf-55fb95c6d6-9bg7n,nwdaf-mtlf,1733538840000,29.602220166512488
free5gc,free5gc-nwdaf-mtlf-55fb95c6d6-9bg7n,nwdaf-mtlf,1733538900000,11.953591937185045
free5gc,free5gc-nwdaf-mtlf-55fb95c6d6-9bg7n,nwdaf-mtlf,1733538960000,38.72496604340664
free5gc,free5gc-nwdaf-mtlf-55fb95c6d6-9bg7n,nwdaf-mtlf,1733539020000,13.191439597707868
free5gc,free5gc-nwdaf-mtlf-55fb95c6d6-9bg7n,nwdaf-mtlf,1733539080000,35.66925704330284
free5gc,free5gc-nwdaf-mtlf-55fb95c6d6-9bg7n,nwdaf-mtlf,1733539140000,14.041033710585243
free5gc,free5gc-nwdaf-mtlf-55fb95c6d6-9bg7n,nwdaf-mtlf,1733539200000,36.54271270302249
free5gc,free5gc-nwdaf-mtlf-55fb95c6d6-9bg7n,nwdaf-mtlf,1733539260000,16.12136494223178
free5gc,free5gc-nwdaf-mtlf-55fb95c6d6-9bg7n,nwdaf-mtlf,1733539320000,37.76223985890652
free5gc,free5gc-nwdaf-mtlf-55fb95c6d6-9bg7n,nwdaf-mtlf,1733539380000,23.951320559295702
free5gc,free5gc-nwdaf-mtlf-55fb95c6d6-9bg7n,nwdaf-mtlf,1733539440000,34.2719614921781
free5gc,free5gc-nwdaf-mtlf-55fb95c6d6-9bg7n,nwdaf-mtlf,1733539500000,16.472724968849654
free5gc,free5gc-nwdaf-mtlf-55fb95c6d6-9bg7n,nwdaf-mtlf,1733539560000,37.192848264652454
free5gc,free5gc-nwdaf-mtlf-55fb95c6d6-9bg7n,nwdaf-mtlf,1733539620000,14.946514922092513
free5gc,free5gc-nwdaf-mtlf-55fb95c6d6-9bg7n,nwdaf-mtlf,1733539680000,44.759502874150826
free5gc,free5gc-nwdaf-mtlf-55fb95c6d6-9bg7n,nwdaf-mtlf,1733539740000,25.169213310096055
free5gc,free5gc-nwdaf-mtlf-55fb95c6d6-9bg7n,nwdaf-mtlf,1733539800000,44.16254568909912
free5gc,free5gc-nwdaf-mtlf-55fb95c6d6-9bg7n,nwdaf-mtlf,1733539860000,25.501412916121026
free5gc,free5gc-nwdaf-mtlf-55fb95c6d6-9bg7n,nwdaf-mtlf,1733539920000,57.35147279081379
free5gc,free5gc-nwdaf-mtlf-55fb95c6d6-9bg7n,nwdaf-mtlf,1733539980000,20.29593043766991
free5gc,free5gc-nwdaf-mtlf-55fb95c6d6-9bg7n,nwdaf-mtlf,1733540040000,37.03912610224303
free5gc,free5gc-nwdaf-mtlf-55fb95c6d6-9bg7n,nwdaf-mtlf,1733540100000,13.292484854020156
free5gc,free5gc-nwdaf-mtlf-55fb95c6d6-9bg7n,nwdaf-mtlf,1733540160000,44.78555698493339
free5gc,free5gc-nwdaf-mtlf-55fb95c6d6-9bg7n,nwdaf-mtlf,1733540220000,24.378459105683916
free5gc,free5gc-nwdaf-mtlf-55fb95c6d6-9bg7n,nwdaf-mtlf,1733540280000,57.438478747203575
free5gc,free5gc-nwdaf-mtlf-55fb95c6d6-9bg7n,nwdaf-mtlf,1733540340000,26.557711950970372
free5gc,free5gc-nwdaf-mtlf-55fb95c6d6-9bg7n,nwdaf-mtlf,1733540400000,47.61796887388714
free5gc,free5gc-nwdaf-mtlf-55fb95c6d6-9bg7n,nwdaf-mtlf,1733540460000,29.620090148100456
free5gc,free5gc-nwdaf-mtlf-55fb95c6d6-9bg7n,nwdaf-mtlf,1733540520000,46.48694075237189
free5gc,free5gc-nwdaf-mtlf-55fb95c6d6-9bg7n,nwdaf-mtlf,1733540580000,22.294252510079847
free5gc,free5gc-nwdaf-mtlf-55fb95c6d6-9bg7n,nwdaf-mtlf,1733540640000,39.2248922275812
free5gc,free5gc-nwdaf-mtlf-55fb95c6d6-9bg7n,nwdaf-mtlf,1733540700000,24.837013669821243
free5gc,free5gc-nwdaf-mtlf-55fb95c6d6-9bg7n,nwdaf-mtlf,1733540760000,46.30889392794154
free5gc,free5gc-nwdaf-mtlf-55fb95c6d6-9bg7n,nwdaf-mtlf,1733540820000,21.006056961209673
free5gc,free5gc-nwdaf-mtlf-55fb95c6d6-9bg7n,nwdaf-mtlf,1733540880000,52.07838479809976
free5gc,free5gc-nwdaf-mtlf-55fb95c6d6-9bg7n,nwdaf-mtlf,1733540940000,25.59769167353669
free5gc,free5gc-nwdaf-mtlf-55fb95c6d6-9bg7n,nwdaf-mtlf,1733541000000,41.94718944701828
free5gc,free5gc-nwdaf-mtlf-55fb95c6d6-9bg7n,nwdaf-mtlf,1733541060000,22.438912469886425
free5gc,free5gc-nwdaf-mtlf-55fb95c6d6-9bg7n,nwdaf-mtlf,1733541120000,42.41066924923834
free5gc,free5gc-nwdaf-mtlf-55fb95c6d6-9bg7n,nwdaf-mtlf,1733541180000,22.386009888298844
free5gc,free5gc-nwdaf-mtlf-55fb95c6d6-9bg7n,nwdaf-mtlf,1733541240000,38.31481520085052
free5gc,free5gc-nwdaf-mtlf-55fb95c6d6-9bg7n,nwdaf-mtlf,1733541300000,24.40485102560264
free5gc,free5gc-nwdaf-mtlf-55fb95c6d6-9bg7n,nwdaf-mtlf,1733541360000,40.813893414934626
free5gc,free5gc-nwdaf-mtlf-55fb95c6d6-9bg7n,nwdaf-mtlf,1733541420000,24.844998545112695
free5gc,free5gc-nwdaf-mtlf-55fb95c6d6-9bg7n,nwdaf-mtlf,1733541480000,39.86540169182596
free5gc,free5gc-nwdaf-mtlf-55fb95c6d6-9bg7n,nwdaf-mtlf,1733541540000,24.737426888325192
free5gc,free5gc-nwdaf-mtlf-55fb95c6d6-9bg7n,nwdaf-mtlf,1733541600000,37.203360303511275
free5gc,free5gc-nwdaf-mtlf-55fb95c6d6-9bg7n,nwdaf-mtlf,1733541660000,27.072000000000003
free5gc,free5gc-nwdaf-mtlf-55fb95c6d6-9bg7n,nwdaf-mtlf,1733541720000,46.16177711125691
free5gc,free5gc-nwdaf-mtlf-55fb95c6d6-9bg7n,nwdaf-mtlf,1733541780000,24.26176477016896
free5gc,free5gc-nwdaf-mtlf-55fb95c6d6-9bg7n,nwdaf-mtlf,1733541840000,41.50622988369567
free5gc,free5gc-nwdaf-mtlf-55fb95c6d6-9bg7n,nwdaf-mtlf,1733541900000,27.358886969513044
free5gc,free5gc-nwdaf-mtlf-55fb95c6d6-9bg7n,nwdaf-mtlf,1733541960000,37.2223009781486
free5gc,free5gc-nwdaf-mtlf-55fb95c6d6-9bg7n,nwdaf-mtlf,1733542020000,22.803581421376613
free5gc,free5gc-nwdaf-mtlf-55fb95c6d6-9bg7n,nwdaf-mtlf,1733542080000,42.92126018562901
free5gc,free5gc-nwdaf-mtlf-55fb95c6d6-9bg7n,nwdaf-mtlf,1733542140000,22.40087954373669
free5gc,free5gc-nwdaf-mtlf-55fb95c6d6-9bg7n,nwdaf-mtlf,1733542200000,43.654574866487906
free5gc,free5gc-nwdaf-mtlf-55fb95c6d6-9bg7n,nwdaf-mtlf,1733542260000,21.511525602674645
free5gc,free5gc-nwdaf-mtlf-55fb95c6d6-9bg7n,nwdaf-mtlf,1733542320000,49.410606192255344
free5gc,free5gc-nwdaf-mtlf-55fb95c6d6-9bg7n,nwdaf-mtlf,1733542380000,26.834906985286175
free5gc,free5gc-nwdaf-mtlf-55fb95c6d6-9bg7n,nwdaf-mtlf,1733542440000,44.39774070668592
free5gc,free5gc-nwdaf-mtlf-55fb95c6d6-9bg7n,nwdaf-mtlf,1733542500000,28.340520181268328
free5gc,free5gc-nwdaf-mtlf-55fb95c6d6-9bg7n,nwdaf-mtlf,1733542560000,45.934645185581516
free5gc,free5gc-nwdaf-mtlf-55fb95c6d6-9bg7n,nwdaf-mtlf,1733542620000,30.11836913634371
free5gc,free5gc-nwdaf-mtlf-55fb95c6d6-9bg7n,nwdaf-mtlf,1733542680000,44.040210627094304
free5gc,free5gc-nwdaf-mtlf-55fb95c6d6-9bg7n,nwdaf-mtlf,1733542740000,14.08621736490589
free5gc,free5gc-nwdaf-mtlf-55fb95c6d6-9bg7n,nwdaf-mtlf,1733542800000,42.72527100271003
free5gc,free5gc-nwdaf-mtlf-55fb95c6d6-9bg7n,nwdaf-mtlf,1733542860000,17.529621814640482
free5gc,free5gc-nwdaf-mtlf-55fb95c6d6-9bg7n,nwdaf-mtlf,1733542920000,41.31488090057156
free5gc,free5gc-nwdaf-mtlf-55fb95c6d6-9bg7n,nwdaf-mtlf,1733542980000,23.866903370248835
free5gc,free5gc-nwdaf-mtlf-55fb95c6d6-9bg7n,nwdaf-mtlf,1733543040000,41.6
free5gc,free5gc-nwdaf-mtlf-55fb95c6d6-9bg7n,nwdaf-mtlf,1733543100000,22.843736494412546
free5gc,free5gc-nwdaf-mtlf-55fb95c6d6-9bg7n,nwdaf-mtlf,1733543160000,46.34312733774024
free5gc,free5gc-nwdaf-mtlf-55fb95c6d6-9bg7n,nwdaf-mtlf,1733543220000,24.731935406431916
free5gc,free5gc-nwdaf-mtlf-55fb95c6d6-9bg7n,nwdaf-mtlf,1733543280000,39.00526670098603
free5gc,free5gc-nwdaf-mtlf-55fb95c6d6-9bg7n,nwdaf-mtlf,1733543340000,28.80706921944035
free5gc,free5gc-nwdaf-mtlf-55fb95c6d6-9bg7n,nwdaf-mtlf,1733543400000,36.689892144697914
free5gc,free5gc-nwdaf-mtlf-55fb95c6d6-9bg7n,nwdaf-mtlf,1733543460000,21.011923944569773
free5gc,free5gc-nwdaf-mtlf-55fb95c6d6-9bg7n,nwdaf-mtlf,1733543520000,45.62039266300975
free5gc,free5gc-nwdaf-mtlf-55fb95c6d6-9bg7n,nwdaf-mtlf,1733543580000,20.54171297198934
free5gc,free5gc-nwdaf-mtlf-55fb95c6d6-9bg7n,nwdaf-mtlf,1733543640000,38.15920849596078
free5gc,free5gc-nwdaf-mtlf-55fb95c6d6-9bg7n,nwdaf-mtlf,1733543700000,31.130230739147443
free5gc,free5gc-nwdaf-mtlf-55fb95c6d6-9bg7n,nwdaf-mtlf,1733543760000,49.27825846637896
free5gc,free5gc-nwdaf-mtlf-55fb95c6d6-9bg7n,nwdaf-mtlf,1733543820000,25.891037294111168
free5gc,free5gc-nwdaf-mtlf-55fb95c6d6-9bg7n,nwdaf-mtlf,1733543880000,51.898830128610044
free5gc,free5gc-nwdaf-mtlf-55fb95c6d6-9bg7n,nwdaf-mtlf,1733543940000,34.284101864697725
free5gc,free5gc-nwdaf-mtlf-55fb95c6d6-9bg7n,nwdaf-mtlf,1733544000000,38.15035096179607
free5gc,free5gc-nwdaf-mtlf-55fb95c6d6-9bg7n,nwdaf-mtlf,1733544060000,30.5324745562712
free5gc,free5gc-nwdaf-mtlf-55fb95c6d6-9bg7n,nwdaf-mtlf,1733544120000,50.65989387273799
free5gc,free5gc-nwdaf-mtlf-55fb95c6d6-9bg7n,nwdaf-mtlf,1733544180000,21.956386826167904
free5gc,free5gc-nwdaf-mtlf-55fb95c6d6-9bg7n,nwdaf-mtlf,1733544240000,38.98546830105216
free5gc,free5gc-nwdaf-mtlf-55fb95c6d6-9bg7n,nwdaf-mtlf,1733544300000,28.167097564294465
free5gc,free5gc-nwdaf-mtlf-55fb95c6d6-9bg7n,nwdaf-mtlf,1733544360000,47.736396518144595
free5gc,free5gc-nwdaf-mtlf-55fb95c6d6-9bg7n,nwdaf-mtlf,1733544420000,23.32774979009236
free5gc,free5gc-nwdaf-mtlf-55fb95c6d6-9bg7n,nwdaf-mtlf,1733544480000,46.332220517910315
free5gc,free5gc-nwdaf-mtlf-55fb95c6d6-9bg7n,nwdaf-mtlf,1733544540000,25.808403942590356
free5gc,free5gc-nwdaf-mtlf-55fb95c6d6-9bg7n,nwdaf-mtlf,1733544600000,51.131200076529396
free5gc,free5gc-nwdaf-mtlf-55fb95c6d6-9bg7n,nwdaf-mtlf,1733544660000,21.935024899217453
